Workbook

Sheet Lotes
A1: N° pedido (lote) | B1: Cliente | C1: Descripción del producto | D1: Unidades | E1: Fecha de pedido | F1: Fecha de ingreso al almacén | G1: Incidencia (solo simulación) | H1: Largo (cm) | I1: Ancho (cm) | J1: Fecha límite | K1: Día de despacho | L1: Zona de ubicación
A2: P-0201 | B2: Empresa E | C2: BANDEJA #20*30 - BLANCA | D2: 650 | E2: 46297 | F2: 46300 | G2: ninguna | H2: 20 | I2: 30 | J2: =E2+6 -> 46303 | K2: =J2-IF(WEEKDAY(J2,2)>=4,WEEKDAY(J2,2)-4,IF(WEEKDAY(J2,2)>=2,WEEKDAY(J2,2)-2,4)) -> 46303 | L2: =IF(G2="dañado","NC-01",IF(F2>=K2,"AM-01",IF(WEEKDAY(K2,2)=2,"MARTES","JUEVES"))) -> JUEVES
A3: P-0202 | B3: Empresa E | C3: BASE PASTELERIA #25 - DORADO ESPEJO | D3: 1000 | E3: 46297 | F3: 46300 | G3: ninguna | H3: 25 | I3: 25 | J3: =E3+6 -> 46303 | K3: =J3-IF(WEEKDAY(J3,2)>=4,WEEKDAY(J3,2)-4,IF(WEEKDAY(J3,2)>=2,WEEKDAY(J3,2)-2,4)) -> 46303 | L3: =IF(G3="dañado","NC-01",IF(F3>=K3,"AM-01",IF(WEEKDAY(K3,2)=2,"MARTES","JUEVES"))) -> JUEVES
A4: P-0203 | B4: Empresa A | C4: BASE PASTELERIA #25 - DORADO ESPEJO | D4: 500 | E4: 46296 | F4: 46300 | G4: ninguna | H4: 25 | I4: 25 | J4: =E4+6 -> 46302 | K4: =J4-IF(WEEKDAY(J4,2)>=4,WEEKDAY(J4,2)-4,IF(WEEKDAY(J4,2)>=2,WEEKDAY(J4,2)-2,4)) -> 46301 | L4: =IF(G4="dañado","NC-01",IF(F4>=K4,"AM-01",IF(WEEKDAY(K4,2)=2,"MARTES","JUEVES"))) -> MARTES
A5: P-0204 | B5: Pizzería Napoli | C5: BASE PASTELERIA #15*30 - DORADO ESPEJO | D5: 350 | E5: 46295 | F5: 46300 | G5: dañado | H5: 15 | I5: 30 | J5: =E5+6 -> 46301 | K5: =J5-IF(WEEKDAY(J5,2)>=4,WEEKDAY(J5,2)-4,IF(WEEKDAY(J5,2)>=2,WEEKDAY(J5,2)-2,4)) -> 46301 | L5: =IF(G5="dañado","NC-01",IF(F5>=K5,"AM-01",IF(WEEKDAY(K5,2)=2,"MARTES","JUEVES"))) -> NC-01
A6: P-0205 | B6: Pastelería Dulce | C6: CAJA #40*30 - KRAFT | D6: 850 | E6: 46297 | F6: 46301 | G6: ninguna | H6: 40 | I6: 30 | J6: =E6+6 -> 46303 | K6: =J6-IF(WEEKDAY(J6,2)>=4,WEEKDAY(J6,2)-4,IF(WEEKDAY(J6,2)>=2,WEEKDAY(J6,2)-2,4)) -> 46303 | L6: =IF(G6="dañado","NC-01",IF(F6>=K6,"AM-01",IF(WEEKDAY(K6,2)=2,"MARTES","JUEVES"))) -> JUEVES
A7: P-0206 | B7: Empresa C | C7: CAJA #50*40 - KRAFT | D7: 200 | E7: 46296 | F7: 46301 | G7: ninguna | H7: 50 | I7: 40 | J7: =E7+6 -> 46302 | K7: =J7-IF(WEEKDAY(J7,2)>=4,WEEKDAY(J7,2)-4,IF(WEEKDAY(J7,2)>=2,WEEKDAY(J7,2)-2,4)) -> 46301 | L7: =IF(G7="dañado","NC-01",IF(F7>=K7,"AM-01",IF(WEEKDAY(K7,2)=2,"MARTES","JUEVES"))) -> AM-01
A8: P-0207 | B8: Empresa B | C8: BASE DE TORTA #30 - LOGO EMPRESA B IMPRESO | D8: 1000 | E8: 46300 | F8: 46301 | G8: sin ubicar | H8: 30 | I8: 30 | J8: =E8+6 -> 46306 | K8: =J8-IF(WEEKDAY(J8,2)>=4,WEEKDAY(J8,2)-4,IF(WEEKDAY(J8,2)>=2,WEEKDAY(J8,2)-2,4)) -> 46303 | L8: =IF(G8="dañado","NC-01",IF(F8>=K8,"AM-01",IF(WEEKDAY(K8,2)=2,"MARTES","JUEVES"))) -> JUEVES
A9: P-0208 | B9: Empresa B | C9: CAJA #50*40 - KRAFT | D9: 900 | E9: 46297 | F9: 46301 | G9: ninguna | H9: 50 | I9: 40 | J9: =E9+6 -> 46303 | K9: =J9-IF(WEEKDAY(J9,2)>=4,WEEKDAY(J9,2)-4,IF(WEEKDAY(J9,2)>=2,WEEKDAY(J9,2)-2,4)) -> 46303 | L9: =IF(G9="dañado","NC-01",IF(F9>=K9,"AM-01",IF(WEEKDAY(K9,2)=2,"MARTES","JUEVES"))) -> JUEVES
A10: P-0209 | B10: Panadería D | C10: BASE DE TORTA #25 - PLATEADO | D10: 500 | E10: 46300 | F10: 46301 | G10: ninguna | H10: 25 | I10: 25 | J10: =E10+6 -> 46306 | K10: =J10-IF(WEEKDAY(J10,2)>=4,WEEKDAY(J10,2)-4,IF(WEEKDAY(J10,2)>=2,WEEKDAY(J10,2)-2,4)) -> 46303 | L10: =IF(G10="dañado","NC-01",IF(F10>=K10,"AM-01",IF(WEEKDAY(K10,2)=2,"MARTES","JUEVES"))) -> JUEVES
A11: P-0210 | B11: Pastelería Dulce | C11: CAJA DELIVERY #30*20 - LOGO PASTELERÍA DULCE IMPRESO | D11: 750 | E11: 46300 | F11: 46302 | G11: ninguna | H11: 30 | I11: 20 | J11: =E11+6 -> 46306 | K11: =J11-IF(WEEKDAY(J11,2)>=4,WEEKDAY(J11,2)-4,IF(WEEKDAY(J11,2)>=2,WEEKDAY(J11,2)-2,4)) -> 46303 | L11: =IF(G11="dañado","NC-01",IF(F11>=K11,"AM-01",IF(WEEKDAY(K11,2)=2,"MARTES","JUEVES"))) -> JUEVES
A12: P-0211 | B12: Pizzería Napoli | C12: BASE DE TORTA #25 - PLATEADO | D12: 850 | E12: 46297 | F12: 46302 | G12: ninguna | H12: 25 | I12: 25 | J12: =E12+6 -> 46303 | K12: =J12-IF(WEEKDAY(J12,2)>=4,WEEKDAY(J12,2)-4,IF(WEEKDAY(J12,2)>=2,WEEKDAY(J12,2)-2,4)) -> 46303 | L12: =IF(G12="dañado","NC-01",IF(F12>=K12,"AM-01",IF(WEEKDAY(K12,2)=2,"MARTES","JUEVES"))) -> JUEVES
A13: P-0212 | B13: Empresa F | C13: BANDEJA #15*20 - BLANCA | D13: 1200 | E13: 46297 | F13: 46302 | G13: ninguna | H13: 15 | I13: 20 | J13: =E13+6 -> 46303 | K13: =J13-IF(WEEKDAY(J13,2)>=4,WEEKDAY(J13,2)-4,IF(WEEKDAY(J13,2)>=2,WEEKDAY(J13,2)-2,4)) -> 46303 | L13: =IF(G13="dañado","NC-01",IF(F13>=K13,"AM-01",IF(WEEKDAY(K13,2)=2,"MARTES","JUEVES"))) -> JUEVES
... A52: P-0251 | B52: Empresa E | C52: CAJA #40*30 - KRAFT | D52: 750 | E52: 46310 | F52: 46311 | G52: zona incorrecta | H52: 40 | I52: 30 | J52: =E52+6 -> 46316 | K52: =J52-IF(WEEKDAY(J52,2)>=4,WEEKDAY(J52,2)-4,IF(WEEKDAY(J52,2)>=2,WEEKDAY(J52,2)-2,4)) -> 46315 | L52: =IF(G52="dañado","NC-01",IF(F52>=K52,"AM-01",IF(WEEKDAY(K52,2)=2,"MARTES","JUEVES"))) -> MARTES

Sheet Resumen
A1: Resumen de la base de lotes de prueba
A3: Lotes (etiquetas RFID) | B3: =COUNTA(Lotes!A2:A52) -> 51
A4: Clientes distintos | B4: =SUMPRODUCT(1/COUNTIF(Lotes!B2:B52,Lotes!B2:B52)) -> 8
A5: Unidades totales | B5: =SUM(Lotes!D2:D52) -> 38200
A6: Lotes zona MARTES | B6: =COUNTIF(Lotes!L2:L52,"MARTES") -> 17
A7: Lotes zona JUEVES | B7: =COUNTIF(Lotes!L2:L52,"JUEVES") -> 18
A8: Lotes de emergencia (AM-01) | B8: =COUNTIF(Lotes!L2:L52,"AM-01") -> 15
A9: Lotes no conformes (NC-01) | B9: =COUNTIF(Lotes!L2:L52,"NC-01") -> 1
A10: Incidencia: zona incorrecta | B10: =COUNTIF(Lotes!G2:G52,"zona incorrecta") -> 4
A11: Incidencia: sin ubicar | B11: =COUNTIF(Lotes!G2:G52,"sin ubicar") -> 2
A12: Incidencia: dañado | B12: =COUNTIF(Lotes!G2:G52,"dañado") -> 1
A13: Primer ingreso al almacén | B13: =MIN(Lotes!F2:F52) -> 46300
A14: Último ingreso al almacén | B14: =MAX(Lotes!F2:F52) -> 46311

Sheet Instrucciones
A1: Base de datos de lotes usada en las pruebas del prototipo 5S + RFID
A3: Origen. Son los 51 lotes de ejemplo del prototipo, que ingresan al almacén entre el 05/10/2026 y el 16/10/2026 (de 4 a 7 lotes por día hábil).
A4: Una fila es un pedido, un lote y una etiqueta RFID.
A6: Columnas que se llenan (cabecera marrón oscuro): N° pedido, cliente, descripción, unidades, fecha de pedido, fecha de ingreso e incidencia.
A7: Columnas calculadas (cabecera naranja): fecha límite = fecha de pedido + 6 días; día de despacho = último martes o jueves antes o en la fecha límite;
A8: zona = NC-01 si el lote está dañado, AM-01 si ingresa el mismo día de su despacho o después, MARTES o JUEVES según el día de despacho.
A9: La medida (largo y ancho) se lee de la descripción. #15*30 es 15 × 30 cm y #30 es 30 × 30 cm.
A10: La incidencia solo sirve para la simulación. Valores posibles: ninguna, zona incorrecta, dañado, sin ubicar, no despachado.
A12: Cómo cargarla en el prototipo. Pestaña ① Área comercial, botón Cargar Excel, elegir este archivo, revisar la vista previa y pulsar Confirmar carga.
A13: Fechas solo de lunes a viernes.
